;              
CREATE USER IF NOT EXISTS SA SALT '2a5ab4392720bf4e' HASH '4542f7143fbd46546c348c1feca1ef861930d46b43e17aff5bc72999423d5989' ADMIN;            
DROP TABLE IF EXISTS PUBLIC."change" CASCADE;  
DROP TABLE IF EXISTS PUBLIC.ACL_CLASS CASCADE; 
DROP TABLE IF EXISTS PUBLIC.ACL_ENTRY CASCADE; 
DROP TABLE IF EXISTS PUBLIC.ACL_OBJECT_IDENTITY CASCADE;       
DROP TABLE IF EXISTS PUBLIC.ACL_SID CASCADE;   
DROP TABLE IF EXISTS PUBLIC.ACTION CASCADE;    
DROP TABLE IF EXISTS PUBLIC.ACTION_DEPENDENCY CASCADE;         
DROP TABLE IF EXISTS PUBLIC.ACTION_PARAMETER CASCADE;          
DROP TABLE IF EXISTS PUBLIC.ASSET CASCADE;     
DROP TABLE IF EXISTS PUBLIC.ASSET_FILE CASCADE;
DROP TABLE IF EXISTS PUBLIC.BATCH CASCADE;     
DROP TABLE IF EXISTS PUBLIC.CATALOGUE_ELEMENT CASCADE;         
DROP TABLE IF EXISTS PUBLIC.COLUMN_TRANSFORMATION_DEFINITION CASCADE;          
DROP TABLE IF EXISTS PUBLIC.CSV_TRANSFORMATION CASCADE;        
DROP TABLE IF EXISTS PUBLIC.DATA_CLASS CASCADE;
DROP TABLE IF EXISTS PUBLIC.DATA_ELEMENT CASCADE;              
DROP TABLE IF EXISTS PUBLIC.DATA_MODEL CASCADE;
DROP TABLE IF EXISTS PUBLIC.DATA_MODEL_DATA_MODEL_POLICY CASCADE;              
DROP TABLE IF EXISTS PUBLIC.DATA_MODEL_POLICY CASCADE;         
DROP TABLE IF EXISTS PUBLIC.DATA_TYPE CASCADE; 
DROP TABLE IF EXISTS PUBLIC.ENUMERATED_TYPE CASCADE;           
DROP TABLE IF EXISTS PUBLIC.EXTENSION_VALUE CASCADE;           
DROP TABLE IF EXISTS PUBLIC.MAPPING CASCADE;   
DROP TABLE IF EXISTS PUBLIC.MEASUREMENT_UNIT CASCADE;          
DROP TABLE IF EXISTS PUBLIC.OAUTHID CASCADE;   
DROP TABLE IF EXISTS PUBLIC.PRIMITIVE_TYPE CASCADE;            
DROP TABLE IF EXISTS PUBLIC.REFERENCE_TYPE CASCADE;            
DROP TABLE IF EXISTS PUBLIC.REGISTRATION_CODE CASCADE;         
DROP TABLE IF EXISTS PUBLIC.RELATIONSHIP CASCADE;              
DROP TABLE IF EXISTS PUBLIC.RELATIONSHIP_METADATA CASCADE;     
DROP TABLE IF EXISTS PUBLIC.RELATIONSHIP_TYPE CASCADE;         
DROP TABLE IF EXISTS PUBLIC.REQUESTMAP CASCADE;
DROP TABLE IF EXISTS PUBLIC.ROLE CASCADE;      
DROP TABLE IF EXISTS PUBLIC.TAG CASCADE;       
DROP TABLE IF EXISTS PUBLIC.USER CASCADE;      
DROP TABLE IF EXISTS PUBLIC.USER_ROLE CASCADE; 
DROP TABLE IF EXISTS PUBLIC.VALIDATION_RULE CASCADE;           
CREATE SEQUENCE PUBLIC.SYSTEM_SEQUENCE_B73D2D48_B9EB_408C_90B3_6B5BBD20A79C START WITH 102 BELONGS_TO_TABLE;   
CREATE SEQUENCE PUBLIC.SYSTEM_SEQUENCE_A30922A4_033F_4C06_AC65_CDDA6C684D18 START WITH 1 BELONGS_TO_TABLE;     
CREATE SEQUENCE PUBLIC.SYSTEM_SEQUENCE_FF10B2D8_8075_42FC_9B50_3B03281A4B70 START WITH 593 BELONGS_TO_TABLE;   
CREATE SEQUENCE PUBLIC.SYSTEM_SEQUENCE_5C09A253_1193_42F7_8A18_0E5D39EF5E5F START WITH 53 BELONGS_TO_TABLE;    
CREATE SEQUENCE PUBLIC.SYSTEM_SEQUENCE_EE1CCD12_5ABA_44B9_841B_EB946A1AF8E4 START WITH 1 BELONGS_TO_TABLE;     
CREATE SEQUENCE PUBLIC.SYSTEM_SEQUENCE_986BF911_1ED6_48FD_8111_65FBF1F31C4B START WITH 684 BELONGS_TO_TABLE;   
CREATE SEQUENCE PUBLIC.SYSTEM_SEQUENCE_28AD9A6B_6861_4FEB_B19E_1C5E409E419E START WITH 298 BELONGS_TO_TABLE;   
CREATE SEQUENCE PUBLIC.SYSTEM_SEQUENCE_02C1CBE2_AC91_4491_BBDD_52943DB39F47 START WITH 59 BELONGS_TO_TABLE;    
CREATE SEQUENCE PUBLIC.SYSTEM_SEQUENCE_58A3A240_EE94_4CB6_A3AA_44C7A1DED7B3 START WITH 1 BELONGS_TO_TABLE;     
CREATE SEQUENCE PUBLIC.SYSTEM_SEQUENCE_FA1F68A8_BD29_4CC2_884B_0CE6B5D946F4 START WITH 837 BELONGS_TO_TABLE;   
CREATE SEQUENCE PUBLIC.SYSTEM_SEQUENCE_CEF088DF_D7E8_4876_9297_5A82B37AA2D0 START WITH 101 BELONGS_TO_TABLE;   
CREATE SEQUENCE PUBLIC.SYSTEM_SEQUENCE_AB101B45_C113_477C_864A_0A77F1AA9C42 START WITH 556 BELONGS_TO_TABLE;   
CREATE SEQUENCE PUBLIC.SYSTEM_SEQUENCE_9DB6221B_ADD8_42AD_84F2_D2AB5ECF8565 START WITH 9719 BELONGS_TO_TABLE;  
CREATE SEQUENCE PUBLIC.SYSTEM_SEQUENCE_1F290E42_6C97_4A53_B1A2_266886AC63E0 START WITH 49 BELONGS_TO_TABLE;    
CREATE SEQUENCE PUBLIC.SYSTEM_SEQUENCE_62E61E11_5898_4FBA_92E2_90CF81DDDF5A START WITH 2234 BELONGS_TO_TABLE;  
CREATE SEQUENCE PUBLIC.SYSTEM_SEQUENCE_AFD576D2_5FA8_4B88_949D_0E8E8EB21120 START WITH 6 BELONGS_TO_TABLE;     
CREATE SEQUENCE PUBLIC.SYSTEM_SEQUENCE_48CEAAAF_2BEA_4F58_B74D_43F8F7F66F39 START WITH 7577 BELONGS_TO_TABLE;  
CREATE SEQUENCE PUBLIC.SYSTEM_SEQUENCE_A99F4BEF_4333_49FF_AB4B_73A6036EFBC1 START WITH 655 BELONGS_TO_TABLE;   
CREATE SEQUENCE PUBLIC.SYSTEM_SEQUENCE_928C5C84_0376_43E0_9024_0058AD5666D3 START WITH 773 BELONGS_TO_TABLE;   
CREATE SEQUENCE PUBLIC.SYSTEM_SEQUENCE_F84A0490_6AE9_4FDB_9712_87B6144B0C60 START WITH 278 BELONGS_TO_TABLE;   
CREATE SEQUENCE PUBLIC.SYSTEM_SEQUENCE_D2222819_E18D_4DE8_A51B_6FF4F1051220 START WITH 192 BELONGS_TO_TABLE;   
CREATE SEQUENCE PUBLIC.SYSTEM_SEQUENCE_A026FE1B_84B2_4EDF_8553_641B5DABD8BA START WITH 206 BELONGS_TO_TABLE;   
CREATE SEQUENCE PUBLIC.SYSTEM_SEQUENCE_1B50A1AE_487D_4735_A2C9_322B1D071584 START WITH 14 BELONGS_TO_TABLE;    
CREATE SEQUENCE PUBLIC.SYSTEM_SEQUENCE_546D4B5E_1C91_4B99_8DE6_E9279EB9FD70 START WITH 726 BELONGS_TO_TABLE;   
CREATE MEMORY TABLE PUBLIC."change"(
    ID BIGINT DEFAULT (NEXT VALUE FOR PUBLIC.SYSTEM_SEQUENCE_9DB6221B_ADD8_42AD_84F2_D2AB5ECF8565) NOT NULL NULL_TO_DEFAULT SEQUENCE PUBLIC.SYSTEM_SEQUENCE_9DB6221B_ADD8_42AD_84F2_D2AB5ECF8565,
    AUTHOR_ID BIGINT,
    CHANGED_ID BIGINT NOT NULL,
    DATE_CREATED TIMESTAMP NOT NULL,
    LATEST_VERSION_ID BIGINT NOT NULL,
    NEW_VALUE LONGVARCHAR,
    OLD_VALUE LONGVARCHAR,
    OTHER_SIDE BOOLEAN NOT NULL,
    PARENT_ID BIGINT,
    PROPERTY VARCHAR(255),
    SYSTEM BOOLEAN,
    TYPE VARCHAR(255) NOT NULL,
    UNDONE BOOLEAN
);     
ALTER TABLE PUBLIC."change" ADD CONSTRAINT PUBLIC.CONSTRAINT_A PRIMARY KEY(ID);
-- 34 +/- SELECT COUNT(*) FROM PUBLIC."change";
INSERT INTO PUBLIC."change"(ID, AUTHOR_ID, CHANGED_ID, DATE_CREATED, LATEST_VERSION_ID, NEW_VALUE, OLD_VALUE, OTHER_SIDE, PARENT_ID, PROPERTY, SYSTEM, TYPE, UNDONE) VALUES
(9685, NULL, 7561, TIMESTAMP '2018-01-03 17:18:38.694', 7561, NULL, NULL, FALSE, NULL, NULL, FALSE, 'NEW_ELEMENT_CREATED', FALSE),
(9686, NULL, 7562, TIMESTAMP '2018-01-03 17:18:38.701', 7562, NULL, NULL, FALSE, NULL, NULL, FALSE, 'NEW_ELEMENT_CREATED', FALSE),
(9687, NULL, 7563, TIMESTAMP '2018-01-03 17:18:38.706', 7563, NULL, NULL, FALSE, NULL, NULL, FALSE, 'NEW_ELEMENT_CREATED', FALSE),
(9688, NULL, 7563, TIMESTAMP '2018-01-03 17:18:38.71', 7563, '{"value":"IS 1"}', NULL, FALSE, NULL, 'IS one', FALSE, 'METADATA_CREATED', FALSE),
(9689, NULL, 7563, TIMESTAMP '2018-01-03 17:18:38.713', 7563, '{"value":"IS 2"}', NULL, FALSE, NULL, 'IS two', FALSE, 'METADATA_CREATED', FALSE),
(9690, NULL, 7563, TIMESTAMP '2018-01-03 17:18:38.715', 7563, '{"value":"IS 3"}', NULL, FALSE, NULL, 'IS three', FALSE, 'METADATA_CREATED', FALSE),
(9691, NULL, 7564, TIMESTAMP '2018-01-03 17:18:38.719', 7564, NULL, NULL, FALSE, NULL, NULL, FALSE, 'NEW_ELEMENT_CREATED', FALSE),
(9692, NULL, 7565, TIMESTAMP '2018-01-03 17:18:38.724', 7565, NULL, NULL, FALSE, NULL, NULL, FALSE, 'NEW_ELEMENT_CREATED', FALSE),
(9693, NULL, 7566, TIMESTAMP '2018-01-03 17:18:38.729', 7566, NULL, NULL, FALSE, NULL, NULL, FALSE, 'NEW_ELEMENT_CREATED', FALSE),
(9694, NULL, 7567, TIMESTAMP '2018-01-03 17:18:38.736', 7567, NULL, NULL, FALSE, NULL, NULL, FALSE, 'NEW_ELEMENT_CREATED', FALSE),
(9695, NULL, 7568, TIMESTAMP '2018-01-03 17:18:38.74', 7568, NULL, NULL, FALSE, NULL, NULL, FALSE, 'NEW_ELEMENT_CREATED', FALSE),
(9696, NULL, 7569, TIMESTAMP '2018-01-03 17:18:38.746', 7569, NULL, NULL, FALSE, NULL, NULL, FALSE, 'NEW_ELEMENT_CREATED', FALSE),
(9697, NULL, 7570, TIMESTAMP '2018-01-03 17:18:38.751', 7570, NULL, NULL, FALSE, NULL, NULL, FALSE, 'NEW_ELEMENT_CREATED', FALSE),
(9698, NULL, 7571, TIMESTAMP '2018-01-03 17:18:38.756', 7571, NULL, NULL, FALSE, NULL, NULL, FALSE, 'NEW_ELEMENT_CREATED', FALSE),
(9699, NULL, 7572, TIMESTAMP '2018-01-03 17:18:38.761', 7572, NULL, NULL, FALSE, NULL, NULL, FALSE, 'NEW_ELEMENT_CREATED', FALSE),
(9700, NULL, 7573, TIMESTAMP '2018-01-03 17:18:38.766', 7573, NULL, NULL, FALSE, NULL, NULL, FALSE, 'NEW_ELEMENT_CREATED', FALSE),
(9701, NULL, 7574, TIMESTAMP '2018-01-03 17:18:38.779', 7574, NULL, NULL, FALSE, NULL, NULL, FALSE, 'NEW_ELEMENT_CREATED', FALSE),
(9702, NULL, 7575, TIMESTAMP '2018-01-03 17:18:38.783', 7575, NULL, NULL, FALSE, NULL, NULL, FALSE, 'NEW_ELEMENT_CREATED', FALSE),
(9703, NULL, 7575, TIMESTAMP '2018-01-03 17:18:38.787', 7575, '{"value":"IS 4"}', NULL, FALSE, NULL, 'IS four', FALSE, 'METADATA_CREATED', FALSE),
(9704, NULL, 7576, TIMESTAMP '2018-01-03 17:18:38.791', 7576, NULL, NULL, FALSE, NULL, NULL, FALSE, 'NEW_ELEMENT_CREATED', FALSE),
(9705, NULL, 7561, TIMESTAMP '2018-01-03 17:18:38.809', 7561, '{"id":648,"source":{"semanticVersion":"0.0.1","name":"IS Test Data Model 1","id":7561,"elementType":"org.modelcatalogue.core.DataModel","link":"/dataModel/7561","versionNumber":1,"latestVersionId":7561,"classifiedName":"IS Test Data Model 1"},"destination":{"semanticVersion":"0.0.1","name":"IS Test Data Model 2","id":7574,"elementType":"org.modelcatalogue.core.DataModel","link":"/dataModel/7574","versionNumber":1,"latestVersionId":7574,"classifiedName":"IS Test Data Model 2"},"type":{"id":2223,"name":"supersession","link":"/relationshipType/2223"},"elementType":"org.modelcatalogue.core.Relationship"}', NULL, FALSE, NULL, 'superseded by', TRUE, 'RELATIONSHIP_CREATED', FALSE),
(9706, NULL, 7574, TIMESTAMP '2018-01-03 17:18:38.809', 7574, '{"id":648,"source":{"semanticVersion":"0.0.1","name":"IS Test Data Model 1","id":7561,"elementType":"org.modelcatalogue.core.DataModel","link":"/dataModel/7561","versionNumber":1,"latestVersionId":7561,"classifiedName":"IS Test Data Model 1"},"destination":{"semanticVersion":"0.0.1","name":"IS Test Data Model 2","id":7574,"elementType":"org.modelcatalogue.core.DataModel","link":"/dataModel/7574","versionNumber":1,"latestVersionId":7574,"classifiedName":"IS Test Data Model 2"},"type":{"id":2223,"name":"supersession","link":"/relationshipType/2223"},"elementType":"org.modelcatalogue.core.Relationship"}', NULL, TRUE, NULL, 'supersedes', TRUE, 'RELATIONSHIP_CREATED', FALSE);         
INSERT INTO PUBLIC."change"(ID, AUTHOR_ID, CHANGED_ID, DATE_CREATED, LATEST_VERSION_ID, NEW_VALUE, OLD_VALUE, OTHER_SIDE, PARENT_ID, PROPERTY, SYSTEM, TYPE, UNDONE) VALUES
(9707, NULL, 7563, TIMESTAMP '2018-01-03 17:18:38.841', 7563, '{"id":649,"source":{"semanticVersion":"0.0.1","name":"IS Test Parent Class","id":7563,"elementType":"org.modelcatalogue.core.DataClass","link":"/dataClass/7563","versionNumber":1,"latestVersionId":7563,"classifiedName":"IS Test Parent Class (IS Test Data Model 1 0.0.1)"},"destination":{"semanticVersion":"0.0.1","name":"IS Dummy","id":7562,"elementType":"org.modelcatalogue.core.DataClass","link":"/dataClass/7562","versionNumber":1,"latestVersionId":7562,"classifiedName":"IS Dummy (IS Test Data Model 1 0.0.1)"},"type":{"id":2226,"name":"synonym","link":"/relationshipType/2226"},"elementType":"org.modelcatalogue.core.Relationship"}', NULL, FALSE, NULL, 'is synonym for', FALSE, 'RELATIONSHIP_CREATED', FALSE),
(9708, NULL, 7562, TIMESTAMP '2018-01-03 17:18:38.841', 7562, '{"id":649,"source":{"semanticVersion":"0.0.1","name":"IS Test Parent Class","id":7563,"elementType":"org.modelcatalogue.core.DataClass","link":"/dataClass/7563","versionNumber":1,"latestVersionId":7563,"classifiedName":"IS Test Parent Class (IS Test Data Model 1 0.0.1)"},"destination":{"semanticVersion":"0.0.1","name":"IS Dummy","id":7562,"elementType":"org.modelcatalogue.core.DataClass","link":"/dataClass/7562","versionNumber":1,"latestVersionId":7562,"classifiedName":"IS Dummy (IS Test Data Model 1 0.0.1)"},"type":{"id":2226,"name":"synonym","link":"/relationshipType/2226"},"elementType":"org.modelcatalogue.core.Relationship"}', NULL, TRUE, NULL, 'is synonym for', FALSE, 'RELATIONSHIP_CREATED', FALSE),
(9709, NULL, 7562, TIMESTAMP '2018-01-03 17:18:38.85', 7562, '{"id":650,"source":{"semanticVersion":"0.0.1","name":"IS Dummy","id":7562,"elementType":"org.modelcatalogue.core.DataClass","link":"/dataClass/7562","versionNumber":1,"latestVersionId":7562,"classifiedName":"IS Dummy (IS Test Data Model 1 0.0.1)"},"destination":{"semanticVersion":"0.0.1","name":"IS Test Parent Class","id":7563,"elementType":"org.modelcatalogue.core.DataClass","link":"/dataClass/7563","versionNumber":1,"latestVersionId":7563,"classifiedName":"IS Test Parent Class (IS Test Data Model 1 0.0.1)"},"type":{"id":2226,"name":"synonym","link":"/relationshipType/2226"},"elementType":"org.modelcatalogue.core.Relationship"}', NULL, FALSE, NULL, 'is synonym for', FALSE, 'RELATIONSHIP_CREATED', FALSE),
(9710, NULL, 7563, TIMESTAMP '2018-01-03 17:18:38.85', 7563, '{"id":650,"source":{"semanticVersion":"0.0.1","name":"IS Dummy","id":7562,"elementType":"org.modelcatalogue.core.DataClass","link":"/dataClass/7562","versionNumber":1,"latestVersionId":7562,"classifiedName":"IS Dummy (IS Test Data Model 1 0.0.1)"},"destination":{"semanticVersion":"0.0.1","name":"IS Test Parent Class","id":7563,"elementType":"org.modelcatalogue.core.DataClass","link":"/dataClass/7563","versionNumber":1,"latestVersionId":7563,"classifiedName":"IS Test Parent Class (IS Test Data Model 1 0.0.1)"},"type":{"id":2226,"name":"synonym","link":"/relationshipType/2226"},"elementType":"org.modelcatalogue.core.Relationship"}', NULL, TRUE, NULL, 'is synonym for', FALSE, 'RELATIONSHIP_CREATED', FALSE),
(9711, NULL, 7563, TIMESTAMP '2018-01-03 17:18:38.882', 7563, '{"id":651,"source":{"semanticVersion":"0.0.1","name":"IS Test Parent Class","id":7563,"elementType":"org.modelcatalogue.core.DataClass","link":"/dataClass/7563","versionNumber":1,"latestVersionId":7563,"classifiedName":"IS Test Parent Class (IS Test Data Model 1 0.0.1)"},"destination":{"semanticVersion":"0.0.1","name":"IS Test Data Element 1","id":7564,"elementType":"org.modelcatalogue.core.DataElement","link":"/dataElement/7564","versionNumber":1,"latestVersionId":7564,"classifiedName":"IS Test Data Element 1 (IS Test Data Model 1 0.0.1)"},"type":{"id":2219,"name":"containment","link":"/relationshipType/2219"},"elementType":"org.modelcatalogue.core.Relationship"}', NULL, FALSE, NULL, 'contains', FALSE, 'RELATIONSHIP_CREATED', FALSE),
(9712, NULL, 7564, TIMESTAMP '2018-01-03 17:18:38.882', 7564, '{"id":651,"source":{"semanticVersion":"0.0.1","name":"IS Test Parent Class","id":7563,"elementType":"org.modelcatalogue.core.DataClass","link":"/dataClass/7563","versionNumber":1,"latestVersionId":7563,"classifiedName":"IS Test Parent Class (IS Test Data Model 1 0.0.1)"},"destination":{"semanticVersion":"0.0.1","name":"IS Test Data Element 1","id":7564,"elementType":"org.modelcatalogue.core.DataElement","link":"/dataElement/7564","versionNumber":1,"latestVersionId":7564,"classifiedName":"IS Test Data Element 1 (IS Test Data Model 1 0.0.1)"},"type":{"id":2219,"name":"containment","link":"/relationshipType/2219"},"elementType":"org.modelcatalogue.core.Relationship"}', NULL, TRUE, NULL, 'contained in', FALSE, 'RELATIONSHIP_CREATED', FALSE);             
INSERT INTO PUBLIC."change"(ID, AUTHOR_ID, CHANGED_ID, DATE_CREATED, LATEST_VERSION_ID, NEW_VALUE, OLD_VALUE, OTHER_SIDE, PARENT_ID, PROPERTY, SYSTEM, TYPE, UNDONE) VALUES
(9713, NULL, 7563, TIMESTAMP '2018-01-03 17:18:38.891', 7563, '{"id":652,"source":{"semanticVersion":"0.0.1","name":"IS Test Parent Class","id":7563,"elementType":"org.modelcatalogue.core.DataClass","link":"/dataClass/7563","versionNumber":1,"latestVersionId":7563,"classifiedName":"IS Test Parent Class (IS Test Data Model 1 0.0.1)"},"destination":{"semanticVersion":"0.0.1","name":"IS Test Data Element 2","id":7565,"elementType":"org.modelcatalogue.core.DataElement","link":"/dataElement/7565","versionNumber":1,"latestVersionId":7565,"classifiedName":"IS Test Data Element 2 (IS Test Data Model 1 0.0.1)"},"type":{"id":2219,"name":"containment","link":"/relationshipType/2219"},"elementType":"org.modelcatalogue.core.Relationship"}', NULL, FALSE, NULL, 'contains', FALSE, 'RELATIONSHIP_CREATED', FALSE),
(9714, NULL, 7565, TIMESTAMP '2018-01-03 17:18:38.891', 7565, '{"id":652,"source":{"semanticVersion":"0.0.1","name":"IS Test Parent Class","id":7563,"elementType":"org.modelcatalogue.core.DataClass","link":"/dataClass/7563","versionNumber":1,"latestVersionId":7563,"classifiedName":"IS Test Parent Class (IS Test Data Model 1 0.0.1)"},"destination":{"semanticVersion":"0.0.1","name":"IS Test Data Element 2","id":7565,"elementType":"org.modelcatalogue.core.DataElement","link":"/dataElement/7565","versionNumber":1,"latestVersionId":7565,"classifiedName":"IS Test Data Element 2 (IS Test Data Model 1 0.0.1)"},"type":{"id":2219,"name":"containment","link":"/relationshipType/2219"},"elementType":"org.modelcatalogue.core.Relationship"}', NULL, TRUE, NULL, 'contained in', FALSE, 'RELATIONSHIP_CREATED', FALSE),
(9715, NULL, 7566, TIMESTAMP '2018-01-03 17:18:38.899', 7566, '{"id":653,"source":{"semanticVersion":"0.0.1","name":"IS Test Parent Class","id":7563,"elementType":"org.modelcatalogue.core.DataClass","link":"/dataClass/7563","versionNumber":1,"latestVersionId":7563,"classifiedName":"IS Test Parent Class (IS Test Data Model 1 0.0.1)"},"destination":{"semanticVersion":"0.0.1","name":"IS Test Data Element 3","id":7566,"elementType":"org.modelcatalogue.core.DataElement","link":"/dataElement/7566","versionNumber":1,"latestVersionId":7566,"classifiedName":"IS Test Data Element 3 (IS Test Data Model 1 0.0.1)"},"type":{"id":2219,"name":"containment","link":"/relationshipType/2219"},"elementType":"org.modelcatalogue.core.Relationship"}', NULL, TRUE, NULL, 'contained in', FALSE, 'RELATIONSHIP_CREATED', FALSE),
(9716, NULL, 7563, TIMESTAMP '2018-01-03 17:18:38.899', 7563, '{"id":653,"source":{"semanticVersion":"0.0.1","name":"IS Test Parent Class","id":7563,"elementType":"org.modelcatalogue.core.DataClass","link":"/dataClass/7563","versionNumber":1,"latestVersionId":7563,"classifiedName":"IS Test Parent Class (IS Test Data Model 1 0.0.1)"},"destination":{"semanticVersion":"0.0.1","name":"IS Test Data Element 3","id":7566,"elementType":"org.modelcatalogue.core.DataElement","link":"/dataElement/7566","versionNumber":1,"latestVersionId":7566,"classifiedName":"IS Test Data Element 3 (IS Test Data Model 1 0.0.1)"},"type":{"id":2219,"name":"containment","link":"/relationshipType/2219"},"elementType":"org.modelcatalogue.core.Relationship"}', NULL, FALSE, NULL, 'contains', FALSE, 'RELATIONSHIP_CREATED', FALSE),
(9717, NULL, 7575, TIMESTAMP '2018-01-03 17:18:38.909', 7575, '{"id":654,"source":{"semanticVersion":"0.0.1","name":"IS Test Child Class","id":7575,"elementType":"org.modelcatalogue.core.DataClass","link":"/dataClass/7575","versionNumber":1,"latestVersionId":7575,"classifiedName":"IS Test Child Class (IS Test Data Model 2 0.0.1)"},"destination":{"semanticVersion":"0.0.1","name":"IS Test Data Element 4","id":7576,"elementType":"org.modelcatalogue.core.DataElement","link":"/dataElement/7576","versionNumber":1,"latestVersionId":7576,"classifiedName":"IS Test Data Element 4 (IS Test Data Model 2 0.0.1)"},"type":{"id":2219,"name":"containment","link":"/relationshipType/2219"},"elementType":"org.modelcatalogue.core.Relationship"}', NULL, FALSE, NULL, 'contains', FALSE, 'RELATIONSHIP_CREATED', FALSE);        
INSERT INTO PUBLIC."change"(ID, AUTHOR_ID, CHANGED_ID, DATE_CREATED, LATEST_VERSION_ID, NEW_VALUE, OLD_VALUE, OTHER_SIDE, PARENT_ID, PROPERTY, SYSTEM, TYPE, UNDONE) VALUES
(9718, NULL, 7576, TIMESTAMP '2018-01-03 17:18:38.909', 7576, '{"id":654,"source":{"semanticVersion":"0.0.1","name":"IS Test Child Class","id":7575,"elementType":"org.modelcatalogue.core.DataClass","link":"/dataClass/7575","versionNumber":1,"latestVersionId":7575,"classifiedName":"IS Test Child Class (IS Test Data Model 2 0.0.1)"},"destination":{"semanticVersion":"0.0.1","name":"IS Test Data Element 4","id":7576,"elementType":"org.modelcatalogue.core.DataElement","link":"/dataElement/7576","versionNumber":1,"latestVersionId":7576,"classifiedName":"IS Test Data Element 4 (IS Test Data Model 2 0.0.1)"},"type":{"id":2219,"name":"containment","link":"/relationshipType/2219"},"elementType":"org.modelcatalogue.core.Relationship"}', NULL, TRUE, NULL, 'contained in', FALSE, 'RELATIONSHIP_CREATED', FALSE);           
CREATE INDEX PUBLIC.CHANGE_IDX_4 ON PUBLIC."change"(LATEST_VERSION_ID);        
CREATE MEMORY TABLE PUBLIC.ACL_CLASS(
    ID BIGINT DEFAULT (NEXT VALUE FOR PUBLIC.SYSTEM_SEQUENCE_CEF088DF_D7E8_4876_9297_5A82B37AA2D0) NOT NULL NULL_TO_DEFAULT SEQUENCE PUBLIC.SYSTEM_SEQUENCE_CEF088DF_D7E8_4876_9297_5A82B37AA2D0,
    CLASS VARCHAR(255) NOT NULL
);     
ALTER TABLE PUBLIC.ACL_CLASS ADD CONSTRAINT PUBLIC.CONSTRAINT_2 PRIMARY KEY(ID);               
-- 1 +/- SELECT COUNT(*) FROM PUBLIC.ACL_CLASS;
INSERT INTO PUBLIC.ACL_CLASS(ID, CLASS) VALUES
(100, 'org.modelcatalogue.core.DataModel');     
CREATE MEMORY TABLE PUBLIC.ACL_ENTRY(
    ID BIGINT DEFAULT (NEXT VALUE FOR PUBLIC.SYSTEM_SEQUENCE_FA1F68A8_BD29_4CC2_884B_0CE6B5D946F4) NOT NULL NULL_TO_DEFAULT SEQUENCE PUBLIC.SYSTEM_SEQUENCE_FA1F68A8_BD29_4CC2_884B_0CE6B5D946F4,
    ACE_ORDER INTEGER NOT NULL,
    ACL_OBJECT_IDENTITY BIGINT NOT NULL,
    AUDIT_FAILURE BOOLEAN NOT NULL,
    AUDIT_SUCCESS BOOLEAN NOT NULL,
    GRANTING BOOLEAN NOT NULL,
    MASK INTEGER NOT NULL,
    SID BIGINT NOT NULL
);  
ALTER TABLE PUBLIC.ACL_ENTRY ADD CONSTRAINT PUBLIC.CONSTRAINT_2F PRIMARY KEY(ID);              
-- 2 +/- SELECT COUNT(*) FROM PUBLIC.ACL_ENTRY;
INSERT INTO PUBLIC.ACL_ENTRY(ID, ACE_ORDER, ACL_OBJECT_IDENTITY, AUDIT_FAILURE, AUDIT_SUCCESS, GRANTING, MASK, SID) VALUES
(835, 0, 771, FALSE, FALSE, TRUE, 16, 101),
(836, 0, 772, FALSE, FALSE, TRUE, 16, 101);             
CREATE MEMORY TABLE PUBLIC.ACL_OBJECT_IDENTITY(
    ID BIGINT DEFAULT (NEXT VALUE FOR PUBLIC.SYSTEM_SEQUENCE_928C5C84_0376_43E0_9024_0058AD5666D3) NOT NULL NULL_TO_DEFAULT SEQUENCE PUBLIC.SYSTEM_SEQUENCE_928C5C84_0376_43E0_9024_0058AD5666D3,
    OBJECT_ID_CLASS BIGINT NOT NULL,
    ENTRIES_INHERITING BOOLEAN NOT NULL,
    OBJECT_ID_IDENTITY BIGINT NOT NULL,
    OWNER_SID BIGINT,
    PARENT_OBJECT BIGINT
);      
ALTER TABLE PUBLIC.ACL_OBJECT_IDENTITY ADD CONSTRAINT PUBLIC.CONSTRAINT_9 PRIMARY KEY(ID);     
-- 2 +/- SELECT COUNT(*) FROM PUBLIC.ACL_OBJECT_IDENTITY;      
INSERT INTO PUBLIC.ACL_OBJECT_IDENTITY(ID, OBJECT_ID_CLASS, ENTRIES_INHERITING, OBJECT_ID_IDENTITY, OWNER_SID, PARENT_OBJECT) VALUES
(771, 100, TRUE, 7561, 101, NULL),
(772, 100, TRUE, 7574, 101, NULL);     
CREATE MEMORY TABLE PUBLIC.ACL_SID(
    ID BIGINT DEFAULT (NEXT VALUE FOR PUBLIC.SYSTEM_SEQUENCE_B73D2D48_B9EB_408C_90B3_6B5BBD20A79C) NOT NULL NULL_TO_DEFAULT SEQUENCE PUBLIC.SYSTEM_SEQUENCE_B73D2D48_B9EB_408C_90B3_6B5BBD20A79C,
    PRINCIPAL BOOLEAN NOT NULL,
    SID VARCHAR(255) NOT NULL
);         
ALTER TABLE PUBLIC.ACL_SID ADD CONSTRAINT PUBLIC.CONSTRAINT_E PRIMARY KEY(ID); 
-- 1 +/- SELECT COUNT(*) FROM PUBLIC.ACL_SID;  
INSERT INTO PUBLIC.ACL_SID(ID, PRINCIPAL, SID) VALUES
(101, TRUE, 'Adam');     
CREATE MEMORY TABLE PUBLIC.ACTION(
    ID BIGINT DEFAULT (NEXT VALUE FOR PUBLIC.SYSTEM_SEQUENCE_28AD9A6B_6861_4FEB_B19E_1C5E409E419E) NOT NULL NULL_TO_DEFAULT SEQUENCE PUBLIC.SYSTEM_SEQUENCE_28AD9A6B_6861_4FEB_B19E_1C5E409E419E,
    BATCH_ID BIGINT NOT NULL,
    DATE_CREATED TIMESTAMP NOT NULL,
    LAST_UPDATED TIMESTAMP NOT NULL,
    OUTCOME VARCHAR(10000),
    RESULT VARCHAR(1000),
    STATE VARCHAR(255) NOT NULL,
    TYPE VARCHAR(255) NOT NULL
);          
ALTER TABLE PUBLIC.ACTION ADD CONSTRAINT PUBLIC.CONSTRAINT_7 PRIMARY KEY(ID);  
-- 0 +/- SELECT COUNT(*) FROM PUBLIC.ACTION;   
CREATE MEMORY TABLE PUBLIC.ACTION_DEPENDENCY(
    ID BIGINT DEFAULT (NEXT VALUE FOR PUBLIC.SYSTEM_SEQUENCE_AFD576D2_5FA8_4B88_949D_0E8E8EB21120) NOT NULL NULL_TO_DEFAULT SEQUENCE PUBLIC.SYSTEM_SEQUENCE_AFD576D2_5FA8_4B88_949D_0E8E8EB21120,
    VERSION BIGINT NOT NULL,
    DEPENDANT_ID BIGINT NOT NULL,
    PROVIDER_ID BIGINT NOT NULL,
    ROLE VARCHAR(100) NOT NULL
);              
ALTER TABLE PUBLIC.ACTION_DEPENDENCY ADD CONSTRAINT PUBLIC.CONSTRAINT_B PRIMARY KEY(ID);       
-- 0 +/- SELECT COUNT(*) FROM PUBLIC.ACTION_DEPENDENCY;        
CREATE MEMORY TABLE PUBLIC.ACTION_PARAMETER(
    ID BIGINT DEFAULT (NEXT VALUE FOR PUBLIC.SYSTEM_SEQUENCE_FF10B2D8_8075_42FC_9B50_3B03281A4B70) NOT NULL NULL_TO_DEFAULT SEQUENCE PUBLIC.SYSTEM_SEQUENCE_FF10B2D8_8075_42FC_9B50_3B03281A4B70,
    VERSION BIGINT NOT NULL,
    ACTION_ID BIGINT NOT NULL,
    EXTENSION_VALUE VARCHAR(1000),
    NAME VARCHAR(255) NOT NULL
);
ALTER TABLE PUBLIC.ACTION_PARAMETER ADD CONSTRAINT PUBLIC.CONSTRAINT_6 PRIMARY KEY(ID);        
-- 0 +/- SELECT COUNT(*) FROM PUBLIC.ACTION_PARAMETER;         
CREATE MEMORY TABLE PUBLIC.ASSET(
    ID BIGINT NOT NULL,
    CONTENT_TYPE VARCHAR(255),
    MD5 VARCHAR(32),
    ORIGINAL_FILE_NAME VARCHAR(255),
    SIZE BIGINT
);          
ALTER TABLE PUBLIC.ASSET ADD CONSTRAINT PUBLIC.CONSTRAINT_3 PRIMARY KEY(ID);   
-- 0 +/- SELECT COUNT(*) FROM PUBLIC.ASSET;    
CREATE MEMORY TABLE PUBLIC.ASSET_FILE(
    ID BIGINT DEFAULT (NEXT VALUE FOR PUBLIC.SYSTEM_SEQUENCE_A30922A4_033F_4C06_AC65_CDDA6C684D18) NOT NULL NULL_TO_DEFAULT SEQUENCE PUBLIC.SYSTEM_SEQUENCE_A30922A4_033F_4C06_AC65_CDDA6C684D18,
    VERSION BIGINT NOT NULL,
    CONTENT BLOB NOT NULL,
    PATH VARCHAR(255) NOT NULL
);             
ALTER TABLE PUBLIC.ASSET_FILE ADD CONSTRAINT PUBLIC.CONSTRAINT_9D PRIMARY KEY(ID);             
-- 0 +/- SELECT COUNT(*) FROM PUBLIC.ASSET_FILE;               
CREATE MEMORY TABLE PUBLIC.BATCH(
    ID BIGINT DEFAULT (NEXT VALUE FOR PUBLIC.SYSTEM_SEQUENCE_F84A0490_6AE9_4FDB_9712_87B6144B0C60) NOT NULL NULL_TO_DEFAULT SEQUENCE PUBLIC.SYSTEM_SEQUENCE_F84A0490_6AE9_4FDB_9712_87B6144B0C60,
    VERSION BIGINT NOT NULL,
    ARCHIVED BOOLEAN NOT NULL,
    DATE_CREATED TIMESTAMP NOT NULL,
    DESCRIPTION VARCHAR(2000),
    LAST_UPDATED TIMESTAMP NOT NULL,
    NAME VARCHAR(255) NOT NULL
);     
ALTER TABLE PUBLIC.BATCH ADD CONSTRAINT PUBLIC.CONSTRAINT_3C PRIMARY KEY(ID);  
-- 0 +/- SELECT COUNT(*) FROM PUBLIC.BATCH;    
CREATE MEMORY TABLE PUBLIC.CATALOGUE_ELEMENT(
    ID BIGINT DEFAULT (NEXT VALUE FOR PUBLIC.SYSTEM_SEQUENCE_48CEAAAF_2BEA_4F58_B74D_43F8F7F66F39) NOT NULL NULL_TO_DEFAULT SEQUENCE PUBLIC.SYSTEM_SEQUENCE_48CEAAAF_2BEA_4F58_B74D_43F8F7F66F39,
    VERSION BIGINT NOT NULL,
    DATA_MODEL_ID BIGINT,
    DATE_CREATED TIMESTAMP NOT NULL,
    DESCRIPTION LONGVARCHAR,
    LAST_UPDATED TIMESTAMP NOT NULL,
    LATEST_VERSION_ID BIGINT,
    MODEL_CATALOGUE_ID VARCHAR(255),
    NAME VARCHAR(255) NOT NULL,
    STATUS VARCHAR(255) NOT NULL,
    VERSION_CREATED TIMESTAMP NOT NULL,
    VERSION_NUMBER INTEGER NOT NULL
);              
ALTER TABLE PUBLIC.CATALOGUE_ELEMENT ADD CONSTRAINT PUBLIC.CONSTRAINT_1 PRIMARY KEY(ID);       
-- 16 +/- SELECT COUNT(*) FROM PUBLIC.CATALOGUE_ELEMENT;       
INSERT INTO PUBLIC.CATALOGUE_ELEMENT(ID, VERSION, DATA_MODEL_ID, DATE_CREATED, DESCRIPTION, LAST_UPDATED, LATEST_VERSION_ID, MODEL_CATALOGUE_ID, NAME, STATUS, VERSION_CREATED, VERSION_NUMBER) VALUES
(7561, 2, NULL, TIMESTAMP '2018-01-03 17:18:38.683', NULL, TIMESTAMP '2018-01-03 17:18:38.814', 7561, NULL, 'IS Test Data Model 1', 'DRAFT', TIMESTAMP '2018-01-03 17:18:38.682', 1),
(7562, 3, 7561, TIMESTAMP '2018-01-03 17:18:38.7', NULL, TIMESTAMP '2018-01-03 17:18:38.851', 7562, NULL, 'IS Dummy', 'DRAFT', TIMESTAMP '2018-01-03 17:18:38.699', 1),
(7563, 9, 7561, TIMESTAMP '2018-01-03 17:18:38.706', NULL, TIMESTAMP '2018-01-03 17:18:38.9', 7563, NULL, 'IS Test Parent Class', 'DRAFT', TIMESTAMP '2018-01-03 17:18:38.705', 1),
(7564, 2, 7561, TIMESTAMP '2018-01-03 17:18:38.719', NULL, TIMESTAMP '2018-01-03 17:18:38.884', 7564, NULL, 'IS Test Data Element 1', 'DRAFT', TIMESTAMP '2018-01-03 17:18:38.718', 1),
(7565, 2, 7561, TIMESTAMP '2018-01-03 17:18:38.723', NULL, TIMESTAMP '2018-01-03 17:18:38.892', 7565, NULL, 'IS Test Data Element 2', 'DRAFT', TIMESTAMP '2018-01-03 17:18:38.723', 1),
(7566, 2, 7561, TIMESTAMP '2018-01-03 17:18:38.728', NULL, TIMESTAMP '2018-01-03 17:18:38.9', 7566, NULL, 'IS Test Data Element 3', 'DRAFT', TIMESTAMP '2018-01-03 17:18:38.727', 1),
(7567, 1, 7561, TIMESTAMP '2018-01-03 17:18:38.735', NULL, TIMESTAMP '2018-01-03 17:18:38.82', 7567, NULL, 'IS Test Data Type 1', 'DRAFT', TIMESTAMP '2018-01-03 17:18:38.734', 1),
(7568, 1, 7561, TIMESTAMP '2018-01-03 17:18:38.739', NULL, TIMESTAMP '2018-01-03 17:18:38.824', 7568, NULL, 'IS Test Parent Value Domain', 'DRAFT', TIMESTAMP '2018-01-03 17:18:38.732', 1),
(7569, 1, 7561, TIMESTAMP '2018-01-03 17:18:38.746', NULL, TIMESTAMP '2018-01-03 17:18:38.817', 7569, NULL, 'IS Test Child Value Domain', 'DRAFT', TIMESTAMP '2018-01-03 17:18:38.745', 1),
(7570, 1, 7561, TIMESTAMP '2018-01-03 17:18:38.751', NULL, TIMESTAMP '2018-01-03 17:18:38.821', 7570, NULL, 'IS Test Data Type 2', 'DRAFT', TIMESTAMP '2018-01-03 17:18:38.75', 1),
(7571, 1, 7561, TIMESTAMP '2018-01-03 17:18:38.756', NULL, TIMESTAMP '2018-01-03 17:18:38.822', 7571, NULL, 'IS Test Enum Type 1', 'DRAFT', TIMESTAMP '2018-01-03 17:18:38.755', 1),
(7572, 1, 7561, TIMESTAMP '2018-01-03 17:18:38.761', NULL, TIMESTAMP '2018-01-03 17:18:38.822', 7572, NULL, 'IS Test Enum Type 2', 'DRAFT', TIMESTAMP '2018-01-03 17:18:38.76', 1),
(7573, 1, 7561, TIMESTAMP '2018-01-03 17:18:38.765', NULL, TIMESTAMP '2018-01-03 17:18:38.823', 7573, NULL, 'IS Test Enum Type 3', 'DRAFT', TIMESTAMP '2018-01-03 17:18:38.765', 1),
(7574, 2, NULL, TIMESTAMP '2018-01-03 17:18:38.77', NULL, TIMESTAMP '2018-01-03 17:18:38.815', 7561, NULL, 'IS Test Data Model 2', 'DRAFT', TIMESTAMP '2018-01-03 17:18:38.769', 1),
(7575, 2, 7574, TIMESTAMP '2018-01-03 17:18:38.783', NULL, TIMESTAMP '2018-01-03 17:18:38.91', NULL, NULL, 'IS Test Child Class', 'DRAFT', TIMESTAMP '2018-01-03 17:18:38.782', 1),
(7576, 1, 7574, TIMESTAMP '2018-01-03 17:18:38.791', NULL, TIMESTAMP '2018-01-03 17:18:38.911', NULL, NULL, 'IS Test Data Element 4', 'DRAFT', TIMESTAMP '2018-01-03 17:18:38.79', 1);  
CREATE INDEX PUBLIC.CTLGELEMENT_LATESTVERSIONID_IDX ON PUBLIC.CATALOGUE_ELEMENT(LATEST_VERSION_ID);            
CREATE INDEX PUBLIC.CTLGELEMENT_MODELCATALOGUEID_IDX ON PUBLIC.CATALOGUE_ELEMENT(MODEL_CATALOGUE_ID);          
CREATE INDEX PUBLIC.CTLGELEMENT_NAME_IDX ON PUBLIC.CATALOGUE_ELEMENT(NAME);    
CREATE MEMORY TABLE PUBLIC.COLUMN_TRANSFORMATION_DEFINITION(
    ID BIGINT DEFAULT (NEXT VALUE FOR PUBLIC.SYSTEM_SEQUENCE_D2222819_E18D_4DE8_A51B_6FF4F1051220) NOT NULL NULL_TO_DEFAULT SEQUENCE PUBLIC.SYSTEM_SEQUENCE_D2222819_E18D_4DE8_A51B_6FF4F1051220,
    VERSION BIGINT NOT NULL,
    DESTINATION_ID BIGINT,
    HEADER VARCHAR(255),
    SOURCE_ID BIGINT NOT NULL,
    TRANSFORMATION_ID BIGINT NOT NULL,
    COLUMN_DEFINITIONS_IDX INTEGER
);    
ALTER TABLE PUBLIC.COLUMN_TRANSFORMATION_DEFINITION ADD CONSTRAINT PUBLIC.CONSTRAINT_D PRIMARY KEY(ID);        
-- 0 +/- SELECT COUNT(*) FROM PUBLIC.COLUMN_TRANSFORMATION_DEFINITION;         
CREATE MEMORY TABLE PUBLIC.CSV_TRANSFORMATION(
    ID BIGINT DEFAULT (NEXT VALUE FOR PUBLIC.SYSTEM_SEQUENCE_1F290E42_6C97_4A53_B1A2_266886AC63E0) NOT NULL NULL_TO_DEFAULT SEQUENCE PUBLIC.SYSTEM_SEQUENCE_1F290E42_6C97_4A53_B1A2_266886AC63E0,
    VERSION BIGINT NOT NULL,
    DATE_CREATED TIMESTAMP NOT NULL,
    DESCRIPTION VARCHAR(255),
    LAST_UPDATED TIMESTAMP NOT NULL,
    NAME VARCHAR(255) NOT NULL
);        
ALTER TABLE PUBLIC.CSV_TRANSFORMATION ADD CONSTRAINT PUBLIC.CONSTRAINT_D3 PRIMARY KEY(ID);     
-- 0 +/- SELECT COUNT(*) FROM PUBLIC.CSV_TRANSFORMATION;       
CREATE MEMORY TABLE PUBLIC.DATA_CLASS(
    ID BIGINT NOT NULL
);               
ALTER TABLE PUBLIC.DATA_CLASS ADD CONSTRAINT PUBLIC.CONSTRAINT_B3 PRIMARY KEY(ID);             
-- 3 +/- SELECT COUNT(*) FROM PUBLIC.DATA_CLASS;               
INSERT INTO PUBLIC.DATA_CLASS(ID) VALUES
(7562),
(7563),
(7575);               
CREATE MEMORY TABLE PUBLIC.DATA_ELEMENT(
    ID BIGINT NOT NULL,
    DATA_TYPE_ID BIGINT
);    
ALTER TABLE PUBLIC.DATA_ELEMENT ADD CONSTRAINT PUBLIC.CONSTRAINT_F PRIMARY KEY(ID);            
-- 6 +/- SELECT COUNT(*) FROM PUBLIC.DATA_ELEMENT;             
INSERT INTO PUBLIC.DATA_ELEMENT(ID, DATA_TYPE_ID) VALUES
(7564, NULL),
(7565, NULL),
(7566, NULL),
(7568, 7567),
(7569, NULL),
(7576, NULL);   
CREATE MEMORY TABLE PUBLIC.DATA_MODEL(
    ID BIGINT NOT NULL,
    REVISION_NOTES VARCHAR(2000),
    SEMANTIC_VERSION VARCHAR(20)
);           
ALTER TABLE PUBLIC.DATA_MODEL ADD CONSTRAINT PUBLIC.CONSTRAINT_B3B PRIMARY KEY(ID);            
-- 2 +/- SELECT COUNT(*) FROM PUBLIC.DATA_MODEL;               
INSERT INTO PUBLIC.DATA_MODEL(ID, REVISION_NOTES, SEMANTIC_VERSION) VALUES
(7561, NULL, '0.0.1'),
(7574, NULL, '0.0.1');       
CREATE MEMORY TABLE PUBLIC.DATA_MODEL_DATA_MODEL_POLICY(
    DATA_MODEL_POLICIES_ID BIGINT,
    DATA_MODEL_POLICY_ID BIGINT
); 
-- 0 +/- SELECT COUNT(*) FROM PUBLIC.DATA_MODEL_DATA_MODEL_POLICY;             
CREATE MEMORY TABLE PUBLIC.DATA_MODEL_POLICY(
    ID BIGINT DEFAULT (NEXT VALUE FOR PUBLIC.SYSTEM_SEQUENCE_AB101B45_C113_477C_864A_0A77F1AA9C42) NOT NULL NULL_TO_DEFAULT SEQUENCE PUBLIC.SYSTEM_SEQUENCE_AB101B45_C113_477C_864A_0A77F1AA9C42,
    VERSION BIGINT NOT NULL,
    NAME VARCHAR(255) NOT NULL,
    POLICY_TEXT VARCHAR(10000) NOT NULL
);        
ALTER TABLE PUBLIC.DATA_MODEL_POLICY ADD CONSTRAINT PUBLIC.CONSTRAINT_2D PRIMARY KEY(ID);      
-- 0 +/- SELECT COUNT(*) FROM PUBLIC.DATA_MODEL_POLICY;        
CREATE MEMORY TABLE PUBLIC.DATA_TYPE(
    ID BIGINT NOT NULL,
    RULE VARCHAR(10000)
);       
ALTER TABLE PUBLIC.DATA_TYPE ADD CONSTRAINT PUBLIC.CONSTRAINT_92 PRIMARY KEY(ID);              
-- 5 +/- SELECT COUNT(*) FROM PUBLIC.DATA_TYPE;
INSERT INTO PUBLIC.DATA_TYPE(ID, RULE) VALUES
(7567, NULL),
(7570, NULL),
(7571, NULL),
(7572, NULL),
(7573, NULL);            
CREATE MEMORY TABLE PUBLIC.ENUMERATED_TYPE(
    ID BIGINT NOT NULL,
    ENUM_AS_STRING LONGVARCHAR
);          
ALTER TABLE PUBLIC.ENUMERATED_TYPE ADD CONSTRAINT PUBLIC.CONSTRAINT_63 PRIMARY KEY(ID);        
-- 3 +/- SELECT COUNT(*) FROM PUBLIC.ENUMERATED_TYPE;          
INSERT INTO PUBLIC.ENUMERATED_TYPE(ID, ENUM_AS_STRING) VALUES
(7571, '{"type":"orderedMap","values":[{"id":1,"key":"one","value":"1","deprecated":false},{"id":2,"key":"two","value":"2","deprecated":false},{"id":3,"key":"three","value":"3","deprecated":false},{"id":4,"key":"four","value":"4","deprecated":false},{"id":5,"key":"five","value":"5","deprecated":false}]}'),
(7572, ''),
(7573, '');      
CREATE MEMORY TABLE PUBLIC.EXTENSION_VALUE(
    ID BIGINT DEFAULT (NEXT VALUE FOR PUBLIC.SYSTEM_SEQUENCE_986BF911_1ED6_48FD_8111_65FBF1F31C4B) NOT NULL NULL_TO_DEFAULT SEQUENCE PUBLIC.SYSTEM_SEQUENCE_986BF911_1ED6_48FD_8111_65FBF1F31C4B,
    VERSION BIGINT NOT NULL,
    ELEMENT_ID BIGINT NOT NULL,
    EXTENSION_VALUE VARCHAR(10000),
    NAME VARCHAR(255) NOT NULL,
    ORDER_INDEX BIGINT NOT NULL
);              
ALTER TABLE PUBLIC.EXTENSION_VALUE ADD CONSTRAINT PUBLIC.CONSTRAINT_DE PRIMARY KEY(ID);        
-- 4 +/- SELECT COUNT(*) FROM PUBLIC.EXTENSION_VALUE;          
INSERT INTO PUBLIC.EXTENSION_VALUE(ID, VERSION, ELEMENT_ID, EXTENSION_VALUE, NAME, ORDER_INDEX) VALUES
(680, 0, 7563, 'IS 1', 'IS one', 1514999918709),
(681, 0, 7563, 'IS 2', 'IS two', 1514999918712),
(682, 0, 7563, 'IS 3', 'IS three', 1514999918715),
(683, 0, 7575, 'IS 4', 'IS four', 1514999918786);  
CREATE MEMORY TABLE PUBLIC.MAPPING(
    ID BIGINT DEFAULT (NEXT VALUE FOR PUBLIC.SYSTEM_SEQUENCE_A026FE1B_84B2_4EDF_8553_641B5DABD8BA) NOT NULL NULL_TO_DEFAULT SEQUENCE PUBLIC.SYSTEM_SEQUENCE_A026FE1B_84B2_4EDF_8553_641B5DABD8BA,
    VERSION BIGINT NOT NULL,
    DESTINATION_ID BIGINT NOT NULL,
    MAPPING VARCHAR(10000) NOT NULL,
    SOURCE_ID BIGINT NOT NULL
);   
ALTER TABLE PUBLIC.MAPPING ADD CONSTRAINT PUBLIC.CONSTRAINT_5 PRIMARY KEY(ID); 
-- 0 +/- SELECT COUNT(*) FROM PUBLIC.MAPPING;  
CREATE MEMORY TABLE PUBLIC.MEASUREMENT_UNIT(
    ID BIGINT NOT NULL,
    SYMBOL VARCHAR(100)
);
ALTER TABLE PUBLIC.MEASUREMENT_UNIT ADD CONSTRAINT PUBLIC.CONSTRAINT_20 PRIMARY KEY(ID);       
-- 0 +/- SELECT COUNT(*) FROM PUBLIC.MEASUREMENT_UNIT;         
CREATE MEMORY TABLE PUBLIC.OAUTHID(
    ID BIGINT DEFAULT (NEXT VALUE FOR PUBLIC.SYSTEM_SEQUENCE_58A3A240_EE94_4CB6_A3AA_44C7A1DED7B3) NOT NULL NULL_TO_DEFAULT SEQUENCE PUBLIC.SYSTEM_SEQUENCE_58A3A240_EE94_4CB6_A3AA_44C7A1DED7B3,
    VERSION BIGINT NOT NULL,
    ACCESS_TOKEN VARCHAR(255) NOT NULL,
    PROVIDER VARCHAR(255) NOT NULL,
    USER_ID BIGINT NOT NULL
);  
ALTER TABLE PUBLIC.OAUTHID ADD CONSTRAINT PUBLIC.CONSTRAINT_C PRIMARY KEY(ID); 
-- 0 +/- SELECT COUNT(*) FROM PUBLIC.OAUTHID;  
CREATE INDEX PUBLIC.IDENTITY_IDX ON PUBLIC.OAUTHID(ACCESS_TOKEN, PROVIDER);    
CREATE MEMORY TABLE PUBLIC.PRIMITIVE_TYPE(
    ID BIGINT NOT NULL,
    MEASUREMENT_UNIT_ID BIGINT
);           
ALTER TABLE PUBLIC.PRIMITIVE_TYPE ADD CONSTRAINT PUBLIC.CONSTRAINT_24 PRIMARY KEY(ID);         
-- 0 +/- SELECT COUNT(*) FROM PUBLIC.PRIMITIVE_TYPE;           
CREATE MEMORY TABLE PUBLIC.REFERENCE_TYPE(
    ID BIGINT NOT NULL,
    DATA_CLASS_ID BIGINT
); 
ALTER TABLE PUBLIC.REFERENCE_TYPE ADD CONSTRAINT PUBLIC.CONSTRAINT_E8 PRIMARY KEY(ID);         
-- 0 +/- SELECT COUNT(*) FROM PUBLIC.REFERENCE_TYPE;           
CREATE MEMORY TABLE PUBLIC.REGISTRATION_CODE(
    ID BIGINT DEFAULT (NEXT VALUE FOR PUBLIC.SYSTEM_SEQUENCE_EE1CCD12_5ABA_44B9_841B_EB946A1AF8E4) NOT NULL NULL_TO_DEFAULT SEQUENCE PUBLIC.SYSTEM_SEQUENCE_EE1CCD12_5ABA_44B9_841B_EB946A1AF8E4,
    DATE_CREATED TIMESTAMP NOT NULL,
    TOKEN VARCHAR(255) NOT NULL,
    USERNAME VARCHAR(255) NOT NULL
);    
ALTER TABLE PUBLIC.REGISTRATION_CODE ADD CONSTRAINT PUBLIC.CONSTRAINT_AC PRIMARY KEY(ID);      
-- 0 +/- SELECT COUNT(*) FROM PUBLIC.REGISTRATION_CODE;        
CREATE MEMORY TABLE PUBLIC.RELATIONSHIP(
    ID BIGINT DEFAULT (NEXT VALUE FOR PUBLIC.SYSTEM_SEQUENCE_A99F4BEF_4333_49FF_AB4B_73A6036EFBC1) NOT NULL NULL_TO_DEFAULT SEQUENCE PUBLIC.SYSTEM_SEQUENCE_A99F4BEF_4333_49FF_AB4B_73A6036EFBC1,
    VERSION BIGINT NOT NULL,
    ARCHIVED BOOLEAN NOT NULL,
    DATA_MODEL_ID BIGINT,
    DESTINATION_ID BIGINT NOT NULL,
    INCOMING_INDEX BIGINT NOT NULL,
    INHERITED BOOLEAN NOT NULL,
    OUTGOING_INDEX BIGINT NOT NULL,
    RELATIONSHIP_TYPE_ID BIGINT NOT NULL,
    SOURCE_ID BIGINT NOT NULL
);        
ALTER TABLE PUBLIC.RELATIONSHIP ADD CONSTRAINT PUBLIC.CONSTRAINT_7A PRIMARY KEY(ID);           
-- 7 +/- SELECT COUNT(*) FROM PUBLIC.RELATIONSHIP;             
INSERT INTO PUBLIC.RELATIONSHIP(ID, VERSION, ARCHIVED, DATA_MODEL_ID, DESTINATION_ID, INCOMING_INDEX, INHERITED, OUTGOING_INDEX, RELATIONSHIP_TYPE_ID, SOURCE_ID) VALUES
(648, 0, FALSE, NULL, 7574, 1514999918794, FALSE, 1514999918794, 2223, 7561),
(649, 0, FALSE, NULL, 7562, 1514999918825, FALSE, 1514999918825, 2226, 7563),
(650, 0, FALSE, NULL, 7563, 1514999918849, FALSE, 1514999918849, 2226, 7562),
(651, 0, FALSE, NULL, 7564, 1514999918857, FALSE, 1514999918857, 2219, 7563),
(652, 0, FALSE, NULL, 7565, 1514999918890, FALSE, 1514999918890, 2219, 7563),
(653, 0, FALSE, NULL, 7566, 1514999918898, FALSE, 1514999918898, 2219, 7563),
(654, 0, FALSE, NULL, 7576, 1514999918908, FALSE, 1514999918908, 2219, 7575);     
CREATE MEMORY TABLE PUBLIC.RELATIONSHIP_METADATA(
    ID BIGINT DEFAULT (NEXT VALUE FOR PUBLIC.SYSTEM_SEQUENCE_1B50A1AE_487D_4735_A2C9_322B1D071584) NOT NULL NULL_TO_DEFAULT SEQUENCE PUBLIC.SYSTEM_SEQUENCE_1B50A1AE_487D_4735_A2C9_322B1D071584,
    VERSION BIGINT NOT NULL,
    EXTENSION_VALUE VARCHAR(10000),
    NAME VARCHAR(255) NOT NULL,
    ORDER_INDEX BIGINT NOT NULL,
    RELATIONSHIP_ID BIGINT NOT NULL
);   
ALTER TABLE PUBLIC.RELATIONSHIP_METADATA ADD CONSTRAINT PUBLIC.CONSTRAINT_29 PRIMARY KEY(ID);  
-- 0 +/- SELECT COUNT(*) FROM PUBLIC.RELATIONSHIP_METADATA;    
CREATE MEMORY TABLE PUBLIC.RELATIONSHIP_TYPE(
    ID BIGINT DEFAULT (NEXT VALUE FOR PUBLIC.SYSTEM_SEQUENCE_62E61E11_5898_4FBA_92E2_90CF81DDDF5A) NOT NULL NULL_TO_DEFAULT SEQUENCE PUBLIC.SYSTEM_SEQUENCE_62E61E11_5898_4FBA_92E2_90CF81DDDF5A,
    VERSION BIGINT NOT NULL,
    BIDIRECTIONAL BOOLEAN NOT NULL,
    DESTINATION_CLASS VARCHAR(255) NOT NULL,
    DESTINATION_TO_SOURCE VARCHAR(255) NOT NULL,
    DESTINATION_TO_SOURCE_DESCRIPTION VARCHAR(2000),
    METADATA_HINTS LONGVARCHAR,
    NAME VARCHAR(255) NOT NULL,
    RULE LONGVARCHAR,
    SEARCHABLE BOOLEAN DEFAULT FALSE NOT NULL,
    SOURCE_CLASS VARCHAR(255) NOT NULL,
    SOURCE_TO_DESTINATION VARCHAR(255) NOT NULL,
    SOURCE_TO_DESTINATION_DESCRIPTION VARCHAR(2000),
    SYSTEM BOOLEAN NOT NULL,
    VERSION_SPECIFIC BOOLEAN NOT NULL
);   
ALTER TABLE PUBLIC.RELATIONSHIP_TYPE ADD CONSTRAINT PUBLIC.CONSTRAINT_6B PRIMARY KEY(ID);      
-- 15 +/- SELECT COUNT(*) FROM PUBLIC.RELATIONSHIP_TYPE;       
INSERT INTO PUBLIC.RELATIONSHIP_TYPE(ID, VERSION, BIDIRECTIONAL, DESTINATION_CLASS, DESTINATION_TO_SOURCE, DESTINATION_TO_SOURCE_DESCRIPTION, METADATA_HINTS, NAME, RULE, SEARCHABLE, SOURCE_CLASS, SOURCE_TO_DESTINATION, SOURCE_TO_DESTINATION_DESCRIPTION, SYSTEM, VERSION_SPECIFIC) VALUES
(2219, 0, FALSE, 'org.modelcatalogue.core.DataElement', 'contained in', 'A Data Element can be contained in multiple Data Classes. When a new draft of a Data Element is created, then drafts for all containing Data Classes are created as well.', NULL, 'containment', STRINGDECODE('String minOccursString = ext[''Min Occurs'']\n            String maxOccursString = ext[''Max Occurs'']\n\n            Integer minOccurs = minOccursString in [''unbounded'', ''null'', ''*'', null, ''''] ? 0 : (minOccursString as Integer)\n            Integer maxOccurs = maxOccursString in [''unbounded'', ''null'', ''*'', null, ''''] ? Integer.MAX_VALUE : (maxOccursString as Integer)\n\n            if (minOccurs < 0) {\n                return [\"relationshipType.containment.min.occurs.less.than.zero\", \"''Max Occurs'' has to be greater than zero\"]\n            }\n            if (maxOccurs < minOccurs) {\n                return [\"relationshipType.containment.min.occurs.greater.than.max.occurs\", \"The metadata ''Min Occurs'' cannot be greater than ''Min Occurs''\"]\n            }\n            if (maxOccurs < 1) {\n                return [\"relationshipType.containment.max.occurs.zero\", \"The metadata ''Max Occurs'' must be greater than zero\"]\n            }\n\n            return true'), FALSE, 'org.modelcatalogue.core.DataClass', 'contains', 'A Data Class can contain multiple Data Elements. Contained Data Elements are finalized when the Class is finalized.', FALSE, TRUE),
(2220, 0, FALSE, 'org.modelcatalogue.core.CatalogueElement', 'is base for', 'A Catalogue Element can be base for multiple Catalogue Elements of the same type.', NULL, 'base', 'isSameClass()', FALSE, 'org.modelcatalogue.core.CatalogueElement', 'is based on', 'A Catalogue Element can be based on multiple Catalogue Elements of the same type. Value domains will first use rules of the base value domains and then their own when validating input values.', FALSE, TRUE),
(2221, 0, FALSE, 'org.modelcatalogue.core.Asset', 'is attached to', 'An uploaded Asset can be attached to multiple Catalogue Elements.', NULL, 'attachment', NULL, FALSE, 'org.modelcatalogue.core.CatalogueElement', 'has attachment of', 'A Catalogue Element can have multiple uploaded Assets attached to it.', FALSE, FALSE),
(2222, 0, FALSE, 'org.modelcatalogue.core.DataClass', 'child of', 'A Class can be contained (be child Class of) in multiple Classes. When a draft is created for child Class, drafts for parent Classes are created as well.', NULL, 'hierarchy', NULL, FALSE, 'org.modelcatalogue.core.DataClass', 'parent of', 'A Class can contain (be parent of) multiple Classes. Child Classes are finalized when parent Class is finalized.', FALSE, TRUE),
(2223, 0, FALSE, 'org.modelcatalogue.core.CatalogueElement', 'supersedes', 'A Catalogue Element can be previous version (supersede) multiple Catalogue Elements of the same type.', NULL, 'supersession', 'isSameClass()', FALSE, 'org.modelcatalogue.core.CatalogueElement', 'superseded by', 'A Catalogue Element can have multiple previous versions which are Catalogue Elements of the same type.', TRUE, TRUE),
(2224, 0, FALSE, 'org.modelcatalogue.core.CatalogueElement', 'is cloned from', 'A Catalogue Element can be origin for multiple cloned Catalogue Elements of the same type in different Data Models.', NULL, 'origin', 'isSameClass()', FALSE, 'org.modelcatalogue.core.CatalogueElement', 'is origin for', 'A Catalogue Element can be cloned from a single Catalogue Element of the same type.', TRUE, TRUE),
(2225, 0, TRUE, 'org.modelcatalogue.core.CatalogueElement', 'related to', NULL, NULL, 'relatedTo', NULL, FALSE, 'org.modelcatalogue.core.CatalogueElement', 'related to', 'A Catalogue Element can be related to multiple Catalogue Elements. This relationship has no specific meaning, but may carry metadata to further specify it.', FALSE, FALSE);          
INSERT INTO PUBLIC.RELATIONSHIP_TYPE(ID, VERSION, BIDIRECTIONAL, DESTINATION_CLASS, DESTINATION_TO_SOURCE, DESTINATION_TO_SOURCE_DESCRIPTION, METADATA_HINTS, NAME, RULE, SEARCHABLE, SOURCE_CLASS, SOURCE_TO_DESTINATION, SOURCE_TO_DESTINATION_DESCRIPTION, SYSTEM, VERSION_SPECIFIC) VALUES
(2226, 0, TRUE, 'org.modelcatalogue.core.CatalogueElement', 'is synonym for', NULL, NULL, 'synonym', 'isSameClass()', FALSE, 'org.modelcatalogue.core.CatalogueElement', 'is synonym for', 'A Catalogue Element can be a synonym of multiple Catalogue Elements of the same type having similar meaning.', FALSE, FALSE),
(2227, 0, FALSE, 'org.modelcatalogue.core.CatalogueElement', 'is favourite of', 'A Catalogue Element can be favourited by multiple users and appear in their Favourites page.', NULL, 'favourite', NULL, TRUE, 'org.modelcatalogue.core.security.User', 'favourites', 'A User can favourite multiple Catalogue Elements which will be displayed at the Favourites page.', TRUE, FALSE),
(2228, 0, FALSE, 'org.modelcatalogue.core.DataModel', 'is imported by', 'A Data Model can be imported by other Data Models so they can reuse the Catalogue Elements defined within.', NULL, 'import', NULL, FALSE, 'org.modelcatalogue.core.DataModel', 'imports', 'A Data Model can import other Data Models to reuse Catalogue Elements defined wtihin.', FALSE, FALSE),
(2229, 0, FALSE, 'org.modelcatalogue.core.CatalogueElement', 'declared within', 'A Catalogue Element can be declared within multiple Data Models. When new draft of the Catalogue Element is created then drafts for Data Models are created as well.', NULL, 'declaration', NULL, FALSE, 'org.modelcatalogue.core.DataModel', 'declares', 'Data Models can declare multiple Catalogue Elements. Based on this relationship you can narrow the Catalogue Elements shown in the Catalogue using the Data Model filter in the bottom left corner. When Data Model is finalized all defined Elements are finalized as well.', TRUE, TRUE),
(2230, 0, FALSE, 'org.modelcatalogue.core.security.User', 'filtered by', 'A User can filter by multiple classifications. To use exclusion filter instead of inclusion, set metadata $exclude to any non-null value.', NULL, 'classificationFilter', NULL, FALSE, 'org.modelcatalogue.core.DataModel', 'used as filter by', 'A Classification can be used as filter by multiple users. This is done using the classification filter in bottom left corner.', TRUE, FALSE),
(2231, 0, FALSE, 'org.modelcatalogue.core.DataClass', 'provides context for', 'A Data Class can provide the context for multiple validation rules', NULL, 'ruleContext', NULL, FALSE, 'org.modelcatalogue.core.ValidationRule', 'applied within context', 'A Validation rule is applied within the context of a Data Class.', FALSE, TRUE),
(2232, 0, FALSE, 'org.modelcatalogue.core.DataElement', 'is involved in', 'A Data Element can be involved in multiple Validation Rules', NULL, 'involvedness', NULL, FALSE, 'org.modelcatalogue.core.ValidationRule', 'involves', 'A Validation Rule can involve multiple Data Elements', FALSE, TRUE),
(2233, 0, FALSE, 'org.modelcatalogue.core.DataElement', 'is tagged by', 'Data Elements can be tagged by multiple Tags', NULL, 'tag', NULL, FALSE, 'org.modelcatalogue.core.Tag', 'tags', 'A Tag may tag multiple Data Elements', FALSE, FALSE);              
CREATE INDEX PUBLIC.RELATIONTYPE_DESTINATIONCLASS_IDX ON PUBLIC.RELATIONSHIP_TYPE(DESTINATION_CLASS);          
CREATE INDEX PUBLIC.RELATIONTYPE_NAME_IDX ON PUBLIC.RELATIONSHIP_TYPE(NAME);   
CREATE MEMORY TABLE PUBLIC.REQUESTMAP(
    ID BIGINT DEFAULT (NEXT VALUE FOR PUBLIC.SYSTEM_SEQUENCE_546D4B5E_1C91_4B99_8DE6_E9279EB9FD70) NOT NULL NULL_TO_DEFAULT SEQUENCE PUBLIC.SYSTEM_SEQUENCE_546D4B5E_1C91_4B99_8DE6_E9279EB9FD70,
    VERSION BIGINT NOT NULL,
    CONFIG_ATTRIBUTE VARCHAR(255) NOT NULL,
    HTTP_METHOD VARCHAR(255),
    URL VARCHAR(255) NOT NULL
);               
ALTER TABLE PUBLIC.REQUESTMAP ADD CONSTRAINT PUBLIC.CONSTRAINT_1F PRIMARY KEY(ID);             
-- 0 +/- SELECT COUNT(*) FROM PUBLIC.REQUESTMAP;               
CREATE MEMORY TABLE PUBLIC.ROLE(
    ID BIGINT DEFAULT (NEXT VALUE FOR PUBLIC.SYSTEM_SEQUENCE_5C09A253_1193_42F7_8A18_0E5D39EF5E5F) NOT NULL NULL_TO_DEFAULT SEQUENCE PUBLIC.SYSTEM_SEQUENCE_5C09A253_1193_42F7_8A18_0E5D39EF5E5F,
    VERSION BIGINT NOT NULL,
    AUTHORITY VARCHAR(255) NOT NULL
);         
ALTER TABLE PUBLIC.ROLE ADD CONSTRAINT PUBLIC.CONSTRAINT_26 PRIMARY KEY(ID);   
-- 0 +/- SELECT COUNT(*) FROM PUBLIC.ROLE;     
CREATE MEMORY TABLE PUBLIC.TAG(
    ID BIGINT NOT NULL
);      
ALTER TABLE PUBLIC.TAG ADD CONSTRAINT PUBLIC.CONSTRAINT_14 PRIMARY KEY(ID);    
-- 0 +/- SELECT COUNT(*) FROM PUBLIC.TAG;      
CREATE MEMORY TABLE PUBLIC.USER(
    ID BIGINT NOT NULL,
    ACCOUNT_EXPIRED BOOLEAN,
    ACCOUNT_LOCKED BOOLEAN,
    API_KEY VARCHAR(255),
    EMAIL VARCHAR(255),
    ENABLED BOOLEAN,
    "password" VARCHAR(255),
    PASSWORD_EXPIRED BOOLEAN,
    USERNAME VARCHAR(255)
);               
ALTER TABLE PUBLIC.USER ADD CONSTRAINT PUBLIC.CONSTRAINT_27 PRIMARY KEY(ID);   
-- 0 +/- SELECT COUNT(*) FROM PUBLIC.USER;     
CREATE MEMORY TABLE PUBLIC.USER_ROLE(
    ID BIGINT DEFAULT (NEXT VALUE FOR PUBLIC.SYSTEM_SEQUENCE_02C1CBE2_AC91_4491_BBDD_52943DB39F47) NOT NULL NULL_TO_DEFAULT SEQUENCE PUBLIC.SYSTEM_SEQUENCE_02C1CBE2_AC91_4491_BBDD_52943DB39F47,
    ROLE_ID BIGINT NOT NULL,
    USER_ID BIGINT NOT NULL
);            
ALTER TABLE PUBLIC.USER_ROLE ADD CONSTRAINT PUBLIC.CONSTRAINT_BC PRIMARY KEY(ID);              
-- 0 +/- SELECT COUNT(*) FROM PUBLIC.USER_ROLE;
CREATE MEMORY TABLE PUBLIC.VALIDATION_RULE(
    ID BIGINT NOT NULL,
    COMPONENT VARCHAR(255),
    ERROR_CONDITION VARCHAR(255),
    ISSUE_RECORD VARCHAR(255),
    NOTIFICATION VARCHAR(255),
    NOTIFICATION_TARGET VARCHAR(255),
    RULE VARCHAR(10000),
    RULE_FOCUS VARCHAR(255),
    RULE_TRIGGER VARCHAR(255)
);   
ALTER TABLE PUBLIC.VALIDATION_RULE ADD CONSTRAINT PUBLIC.CONSTRAINT_4 PRIMARY KEY(ID);         
-- 0 +/- SELECT COUNT(*) FROM PUBLIC.VALIDATION_RULE;          
ALTER TABLE PUBLIC.USER ADD CONSTRAINT PUBLIC.UK_OB8KQYQQGMEFL0ACO34AKDTPE UNIQUE(EMAIL);      
ALTER TABLE PUBLIC.ACL_CLASS ADD CONSTRAINT PUBLIC.UK_IY7UA5FSO3IL3U3YMOC4UF35W UNIQUE(CLASS); 
ALTER TABLE PUBLIC.REQUESTMAP ADD CONSTRAINT PUBLIC.UNIQUE_URL UNIQUE(HTTP_METHOD, URL);       
ALTER TABLE PUBLIC.ACL_ENTRY ADD CONSTRAINT PUBLIC.UNIQUE_ACE_ORDER UNIQUE(ACL_OBJECT_IDENTITY, ACE_ORDER);    
ALTER TABLE PUBLIC.ACL_OBJECT_IDENTITY ADD CONSTRAINT PUBLIC.UNIQUE_OBJECT_ID_IDENTITY UNIQUE(OBJECT_ID_CLASS, OBJECT_ID_IDENTITY);            
ALTER TABLE PUBLIC.USER ADD CONSTRAINT PUBLIC.UK_SB8BBOUER5WAK8VYIIY4PF2BX UNIQUE(USERNAME);   
ALTER TABLE PUBLIC.DATA_MODEL_POLICY ADD CONSTRAINT PUBLIC.UK_AGEAWCASIUSOJ14YW6VLO8R42 UNIQUE(NAME);          
ALTER TABLE PUBLIC.ACL_SID ADD CONSTRAINT PUBLIC.UNIQUE_PRINCIPAL UNIQUE(SID, PRINCIPAL);      
ALTER TABLE PUBLIC.OAUTHID ADD CONSTRAINT PUBLIC.UK_2HY0ON28ORON3V471PLRNU1K0 UNIQUE(ACCESS_TOKEN);            
ALTER TABLE PUBLIC.ROLE ADD CONSTRAINT PUBLIC.UK_IRSAMGNERA6ANGM0PRQ1KEMT2 UNIQUE(AUTHORITY);  
ALTER TABLE PUBLIC.MAPPING ADD CONSTRAINT PUBLIC.UNIQUE_SOURCE_ID UNIQUE(DESTINATION_ID, SOURCE_ID);           
ALTER TABLE PUBLIC.RELATIONSHIP_TYPE ADD CONSTRAINT PUBLIC.UK_ISXYGYCHIH5K3D3W0ADSA8DMU UNIQUE(NAME);          
ALTER TABLE PUBLIC.DATA_MODEL_DATA_MODEL_POLICY ADD CONSTRAINT PUBLIC.FK_4D8RTY3536PL29P4TTXC4T634 FOREIGN KEY(DATA_MODEL_POLICIES_ID) REFERENCES PUBLIC.DATA_MODEL(ID) NOCHECK;               
ALTER TABLE PUBLIC.PRIMITIVE_TYPE ADD CONSTRAINT PUBLIC.FK_R1K58XVVHL5TFR5ERT737MCRW FOREIGN KEY(ID) REFERENCES PUBLIC.DATA_TYPE(ID) NOCHECK;  
ALTER TABLE PUBLIC.USER_ROLE ADD CONSTRAINT PUBLIC.FK_IT77EQ964JHFQTU54081EBTIO FOREIGN KEY(ROLE_ID) REFERENCES PUBLIC.ROLE(ID) NOCHECK;       
ALTER TABLE PUBLIC.ACL_OBJECT_IDENTITY ADD CONSTRAINT PUBLIC.FK_NXV5WE2ION9FWEDBKGE7SYOC3 FOREIGN KEY(OWNER_SID) REFERENCES PUBLIC.ACL_SID(ID) NOCHECK;        
ALTER TABLE PUBLIC.ACTION_DEPENDENCY ADD CONSTRAINT PUBLIC.FK_H5T41RH141W87KY6Y3RFDW1TA FOREIGN KEY(DEPENDANT_ID) REFERENCES PUBLIC.ACTION(ID) NOCHECK;        
ALTER TABLE PUBLIC.OAUTHID ADD CONSTRAINT PUBLIC.FK_M55D9KULBI1H29T7XS23OHD0W FOREIGN KEY(USER_ID) REFERENCES PUBLIC.USER(ID) NOCHECK;         
ALTER TABLE PUBLIC.RELATIONSHIP ADD CONSTRAINT PUBLIC.FK_DXXUJFNNEBSKGVSR3PSW7TKQK FOREIGN KEY(DESTINATION_ID) REFERENCES PUBLIC.CATALOGUE_ELEMENT(ID) NOCHECK;
ALTER TABLE PUBLIC.MAPPING ADD CONSTRAINT PUBLIC.FK_FV0146PRJRJGBW0AX4AC2RYOB FOREIGN KEY(DESTINATION_ID) REFERENCES PUBLIC.CATALOGUE_ELEMENT(ID) NOCHECK;     
ALTER TABLE PUBLIC.ASSET ADD CONSTRAINT PUBLIC.FK_K73V5HFIBQ49PRM2R9PAXXQPC FOREIGN KEY(ID) REFERENCES PUBLIC.CATALOGUE_ELEMENT(ID) NOCHECK;   
ALTER TABLE PUBLIC.VALIDATION_RULE ADD CONSTRAINT PUBLIC.FK_1XYALG15G7I1TRPB9GRLLT2LD FOREIGN KEY(ID) REFERENCES PUBLIC.CATALOGUE_ELEMENT(ID) NOCHECK;         
ALTER TABLE PUBLIC.RELATIONSHIP ADD CONSTRAINT PUBLIC.FK_HKP4M9EJTK95R55U0GN4OMP8C FOREIGN KEY(DATA_MODEL_ID) REFERENCES PUBLIC.DATA_MODEL(ID) NOCHECK;        
ALTER TABLE PUBLIC.USER ADD CONSTRAINT PUBLIC.FK_8QTPNV06ELXURYEUV1AC4XIMM FOREIGN KEY(ID) REFERENCES PUBLIC.CATALOGUE_ELEMENT(ID) NOCHECK;    
ALTER TABLE PUBLIC.DATA_ELEMENT ADD CONSTRAINT PUBLIC.FK_J2HO6CWLJA2404DWXHCQ332J3 FOREIGN KEY(DATA_TYPE_ID) REFERENCES PUBLIC.DATA_TYPE(ID) NOCHECK;          
ALTER TABLE PUBLIC.ACTION ADD CONSTRAINT PUBLIC.FK_5GT5S8LEE1XU7KE2PFFTMJ5HW FOREIGN KEY(BATCH_ID) REFERENCES PUBLIC.BATCH(ID) NOCHECK;        
ALTER TABLE PUBLIC.DATA_MODEL ADD CONSTRAINT PUBLIC.FK_RVEFKTVB22U3Y4RO3S85TP575 FOREIGN KEY(ID) REFERENCES PUBLIC.CATALOGUE_ELEMENT(ID) NOCHECK;              
ALTER TABLE PUBLIC.MEASUREMENT_UNIT ADD CONSTRAINT PUBLIC.FK_KGU5RJODUT97DGIBTGJGWHFWQ FOREIGN KEY(ID) REFERENCES PUBLIC.CATALOGUE_ELEMENT(ID) NOCHECK;        
ALTER TABLE PUBLIC.PRIMITIVE_TYPE ADD CONSTRAINT PUBLIC.FK_SV8SL9V1BB9TOUKIK1IHXFNLO FOREIGN KEY(MEASUREMENT_UNIT_ID) REFERENCES PUBLIC.MEASUREMENT_UNIT(ID) NOCHECK;          
ALTER TABLE PUBLIC.ACL_OBJECT_IDENTITY ADD CONSTRAINT PUBLIC.FK_6C3UGMK053UY27BK2SRED31LF FOREIGN KEY(OBJECT_ID_CLASS) REFERENCES PUBLIC.ACL_CLASS(ID) NOCHECK;
ALTER TABLE PUBLIC.ACL_ENTRY ADD CONSTRAINT PUBLIC.FK_I6XYFCCD4Y3WLWHGWPO4A9RM1 FOREIGN KEY(SID) REFERENCES PUBLIC.ACL_SID(ID) NOCHECK;        
ALTER TABLE PUBLIC.DATA_TYPE ADD CONSTRAINT PUBLIC.FK_8YH1HG0SLPPDJM9HKS745RVLC FOREIGN KEY(ID) REFERENCES PUBLIC.CATALOGUE_ELEMENT(ID) NOCHECK;               
ALTER TABLE PUBLIC.COLUMN_TRANSFORMATION_DEFINITION ADD CONSTRAINT PUBLIC.FK_3UCA158DL954JHRY8JACWPS2H FOREIGN KEY(DESTINATION_ID) REFERENCES PUBLIC.DATA_ELEMENT(ID) NOCHECK; 
ALTER TABLE PUBLIC.ENUMERATED_TYPE ADD CONSTRAINT PUBLIC.FK_8D8J21OTR9D2NX5JDAUJ3NEFQ FOREIGN KEY(ID) REFERENCES PUBLIC.DATA_TYPE(ID) NOCHECK; 
ALTER TABLE PUBLIC.MAPPING ADD CONSTRAINT PUBLIC.FK_9XB05XT14PHOR5RDRBWKE7D5V FOREIGN KEY(SOURCE_ID) REFERENCES PUBLIC.CATALOGUE_ELEMENT(ID) NOCHECK;          
ALTER TABLE PUBLIC.ACL_ENTRY ADD CONSTRAINT PUBLIC.FK_FHUOESMJEF3MRV0GPJA4SHVCR FOREIGN KEY(ACL_OBJECT_IDENTITY) REFERENCES PUBLIC.ACL_OBJECT_IDENTITY(ID) NOCHECK;            
ALTER TABLE PUBLIC.ACL_OBJECT_IDENTITY ADD CONSTRAINT PUBLIC.FK_6OAP2K8Q5BL33YQ3YFFRWEDHF FOREIGN KEY(PARENT_OBJECT) REFERENCES PUBLIC.ACL_OBJECT_IDENTITY(ID) NOCHECK;        
ALTER TABLE PUBLIC.ACTION_DEPENDENCY ADD CONSTRAINT PUBLIC.FK_RVC4BRAHQTB99WJEXIEB53NWB FOREIGN KEY(PROVIDER_ID) REFERENCES PUBLIC.ACTION(ID) NOCHECK;         
ALTER TABLE PUBLIC.REFERENCE_TYPE ADD CONSTRAINT PUBLIC.FK_AWJ86V8KGP9DNIUUNRBPLUAXC FOREIGN KEY(DATA_CLASS_ID) REFERENCES PUBLIC.DATA_CLASS(ID) NOCHECK;      
ALTER TABLE PUBLIC.DATA_ELEMENT ADD CONSTRAINT PUBLIC.FK_1AV6343F8NM7CA7OPAF4G9KNM FOREIGN KEY(ID) REFERENCES PUBLIC.CATALOGUE_ELEMENT(ID) NOCHECK;            
ALTER TABLE PUBLIC.RELATIONSHIP ADD CONSTRAINT PUBLIC.FK_K7IT79F0G0W8U9IDH2D6HJT2 FOREIGN KEY(SOURCE_ID) REFERENCES PUBLIC.CATALOGUE_ELEMENT(ID) NOCHECK;      
ALTER TABLE PUBLIC.EXTENSION_VALUE ADD CONSTRAINT PUBLIC.FK_1PCTQ5R5A3UOKWDBMBN12JT7F FOREIGN KEY(ELEMENT_ID) REFERENCES PUBLIC.CATALOGUE_ELEMENT(ID) NOCHECK; 
ALTER TABLE PUBLIC.RELATIONSHIP ADD CONSTRAINT PUBLIC.FK_7SHSJYUHMA7QXSUWMDPSKKJEO FOREIGN KEY(RELATIONSHIP_TYPE_ID) REFERENCES PUBLIC.RELATIONSHIP_TYPE(ID) NOCHECK;          
ALTER TABLE PUBLIC.TAG ADD CONSTRAINT PUBLIC.FK_F7D8J93M1NTNR8WJ1THN34XJW FOREIGN KEY(ID) REFERENCES PUBLIC.CATALOGUE_ELEMENT(ID) NOCHECK;     
ALTER TABLE PUBLIC.CATALOGUE_ELEMENT ADD CONSTRAINT PUBLIC.FK_638SIV71XPEVTCA95WEBCRK50 FOREIGN KEY(DATA_MODEL_ID) REFERENCES PUBLIC.DATA_MODEL(ID) NOCHECK;   
ALTER TABLE PUBLIC.DATA_MODEL_DATA_MODEL_POLICY ADD CONSTRAINT PUBLIC.FK_IA4FKOPYLOM9PD0FRH0UPOTT1 FOREIGN KEY(DATA_MODEL_POLICY_ID) REFERENCES PUBLIC.DATA_MODEL_POLICY(ID) NOCHECK;          
ALTER TABLE PUBLIC.COLUMN_TRANSFORMATION_DEFINITION ADD CONSTRAINT PUBLIC.FK_DC9IXIEVJJI8RN9GMGUXESRTU FOREIGN KEY(SOURCE_ID) REFERENCES PUBLIC.DATA_ELEMENT(ID) NOCHECK;      
ALTER TABLE PUBLIC.USER_ROLE ADD CONSTRAINT PUBLIC.FK_APCC8LXK2XNUG8377FATVBN04 FOREIGN KEY(USER_ID) REFERENCES PUBLIC.USER(ID) NOCHECK;       
ALTER TABLE PUBLIC.ACTION_PARAMETER ADD CONSTRAINT PUBLIC.FK_5US3SSCKQY9ARPGE6JFIEXIOS FOREIGN KEY(ACTION_ID) REFERENCES PUBLIC.ACTION(ID) NOCHECK;            
ALTER TABLE PUBLIC.REFERENCE_TYPE ADD CONSTRAINT PUBLIC.FK_RBX2592NT72IVN7SH8K7NR1NL FOREIGN KEY(ID) REFERENCES PUBLIC.DATA_TYPE(ID) NOCHECK;  
ALTER TABLE PUBLIC.DATA_CLASS ADD CONSTRAINT PUBLIC.FK_FS9S7LKEG7VDLG7GKWAMCV2LE FOREIGN KEY(ID) REFERENCES PUBLIC.CATALOGUE_ELEMENT(ID) NOCHECK;              
ALTER TABLE PUBLIC.RELATIONSHIP_METADATA ADD CONSTRAINT PUBLIC.FK_D9KE242J0CBNB8YU6FTANBN25 FOREIGN KEY(RELATIONSHIP_ID) REFERENCES PUBLIC.RELATIONSHIP(ID) NOCHECK;           
ALTER TABLE PUBLIC.COLUMN_TRANSFORMATION_DEFINITION ADD CONSTRAINT PUBLIC.FK_P2US4XJND5HRSR4R06G4MN1AT FOREIGN KEY(TRANSFORMATION_ID) REFERENCES PUBLIC.CSV_TRANSFORMATION(ID) NOCHECK;        
